dc_id,storage
DC001,181978.71344974107
DC002,304664.0475649604
DC003,218783.60200332745
DC004,215516.70521683968
DC005,120039.28240452344
DC006,236043.841949061
DC007,70138.92341578819
DC008,80822.89559834269
DC009,34646.73698194079
DC010,229996.3258600467
DC011,52270.11398122855
DC012,79304.68963851678
DC013,70602.88180777416
DC014,118136.35467421675
DC015,207656.7267622208
DC016,66089.64137011913
DC017,108918.96031511146
DC018,150030.999368311
